week,home,away,date,time,bestOf,casters,status,matchIds,note
1,where-halo-lobby,perhanan-perunat,,,2,morality666,postponed,,
1,asiakaspalautukset,hells-kitchen,,,2,morality666,postponed,,
1,march-of-the-munas,muffalonit,2026-10-01,18:00,2,rxkim,,,
2,red-mango-devils,hells-kitchen,2026-10-10,21:30,2,,,,
2,where-halo-lobby,muffalonit,2026-10-11,17:00,2,,,,
2,asiakaspalautukset,march-of-the-munas,2026-10-07,18:30,2,morality666,,,
3,hells-kitchen,march-of-the-munas,,,2,,,,
3,perhanan-perunat,asiakaspalautukset,,,2,,,,
3,red-mango-devils,where-halo-lobby,,,2,,,,
4,perhanan-perunat,muffalonit,,,2,,,,
4,red-mango-devils,march-of-the-munas,,,2,,,,
4,where-halo-lobby,asiakaspalautukset,,,2,,,,
5,muffalonit,asiakaspalautukset,,,2,,,,
5,hells-kitchen,where-halo-lobby,,,2,,,,
5,perhanan-perunat,red-mango-devils,,,2,,,,
6,march-of-the-munas,where-halo-lobby,,,2,,,,
6,muffalonit,red-mango-devils,,,2,,,,
6,hells-kitchen,perhanan-perunat,,,2,,,,
7,asiakaspalautukset,red-mango-devils,,,2,,,,
7,march-of-the-munas,perhanan-perunat,,,2,,,,
7,muffalonit,hells-kitchen,,,2,,,,
